{
  "ct": [
    2.072862,
    0.9803999999999999,
    1.4706000000000001,
    27.274500000000003,
    21.274110000000004,
    21.819600000000005,
    0.9804
  ],
  "p": [
    0,
    0.054549,
    0,
    0.002451,
    0,
    1,
    5,
    0,
    0,
    5.4549,
    0.2451,
    1,
    999.3,
    0.046,
    1.2,
    0.25,
    1020,
    0.34,
    0.57,
    0.64,
    2.5,
    0.114,
    10800,
    50,
    15,
    1708,
    15.8,
    0.999,
    0.0648,
    1035,
    0.0393,
    1,
    10.7,
    8.4,
    5.02,
    0.058,
    0.0094,
    0.04,
    0.0001,
    225,
    0.17,
    0.15,
    0.16,
    230,
    1.96,
    8.4,
    5.02,
    0.058,
    0.0094,
    0.04,
    0.0001,
    598,
    4.17,
    0.054,
    0.24,
    1774.68,
    759,
    0.1,
    0.116,
    2.7,
    0.126,
    250,
    2,
    154.32,
    759,
    0.1,
    0.116,
    2.7,
    0.126,
    2,
    480,
    1000,
    28,
    263,
    5.6,
    5.6,
    10.6,
    47,
    0.0035,
    0.001,
    0.03,
    0.0006,
    1305,
    0.4,
    0.457,
    0.12,
    0.14,
    480,
    1000,
    2,
    600,
    28,
    20000,
    0.05,
    0.05,
    0.055,
    10.6,
    47,
    0.0035,
    0.001,
    0.03,
    0.0006,
    72,
    5.6,
    1.4,
    4,
    72,
    5.6,
    1.4,
    4,
    250000,
    250000,
    111.7,
    1,
    0.75,
    5,
    20000,
    0.05,
    0.05,
    0.055,
    252,
    434,
    0.0069,
    0.00077,
    0.0018,
    0.081,
    2862,
    3377,
    0.003,
    0.1,
    1.62,
    0.29,
    465,
    17085,
    0.1,
    0.01,
    2,
    0.4,
    50,
    200,
    0.000837,
    3.83,
    0.56,
    0.44,
    0.24,
    560,
    0.009,
    0.68,
    1.51,
    3.65,
    0.084,
    0.067,
    0.015,
    0.098,
    720.9,
    0.066,
    0.15,
    0.45,
    0.1,
    0.02,
    368,
    1.7
  ],
  "x0": [
    0.372307,
    7.18138,
    0.54549,
    2.07922,
    0.54549,
    0.02451,
    0.61275,
    0.12255,
    0.54549,
    2.57768,
    54.549,
    0.054549,
    0.433816,
    2.25189,
    0.0206364,
    15.1028,
    0.12255,
    0.12255,
    0.54549,
    0.101182,
    2.72745,
    0.02451,
    0.4902,
    5.4549,
    0.0194923,
    0.45928,
    0.02451,
    1.86394,
    2.451,
    0.0589466
  ]
}
