{"prior_mu":[8.620315197870639e-17,0.38822448312946434],"prior_nu":[2.0,0.1],"prior_b":[[1.7240630395741278e-16,0.7764489662589287],[1.7240630395741278e-16,0.7764489662589287]],"prior_tau":[[-1.4067053583800182,0.8152141665780608],[-1.4067053583800182,0.8152141665780608],[-1.753278948659991,0.6806658136252957]],"prior_sigma":[0.3661839468566135,0.4978880692768784],"N":100,"K":2,"N_ec4":76,"N_ec3":24,"N_ec2":5,"ec4":[1,2,3,4,5,1,6,7,8,9,10,11,12,13,14,15,16,5,17,18,19,20,21,22,23,1,24,25,26,27,28,29,30,31,32,33,34,35,36,37,38,39,40,41,42,37,32,43,5,5,44,24,45,13,46,24,24,47,26,26,48,49,50,51,52,53,54,55,55,5,56,57,57,58,4,59,60,61,62,63,64,44,65,66,67,68,69,52,70,71,72,67,73,74,75,2,44,76,5,31],"ec3":[1,2,3,4,5,1,6,7,8,2,2,7,9,10,9,11,2,5,8,2,12,8,13,14,11,1,2,9,13,2,14,3,15,3,9,16,3,17,2,3,12,18,2,2,13,3,9,19,5,5,13,2,13,10,12,2,2,2,13,13,13,11,20,21,2,17,1,17,17,5,8,11,11,10,4,13,21,22,23,12,24,13,7,13,17,2,7,2,2,3,8,17,15,22,14,2,13,3,5,3],"ec2":[1,2,3,1,4,1,1,5,4,2,2,5,1,1,1,3,2,4,4,2,2,4,3,1,3,1,2,1,3,2,1,3,1,3,1,3,3,1,2,3,2,1,2,2,3,3,1,4,4,4,3,2,3,1,2,2,2,2,3,3,3,3,5,3,2,1,1,1,1,4,4,3,3,1,1,3,3,1,1,2,4,3,5,3,1,2,5,2,2,3,4,1,1,1,1,2,3,3,4,3],"x":[[11.989999999999998,1.0],[24.99,1.0],[11.989999999999998,1.0],[11.989999999999998,1.0],[4.989999999999998,1.0],[11.989999999999998,1.0],[34.989999999999995,1.0],[-0.0100000000000015,1.0],[4.989999999999998,1.0],[34.989999999999995,1.0],[11.989999999999998,1.0],[4.989999999999998,1.0],[-5.010000000000002,1.0],[-0.0100000000000015,1.0],[-0.0100000000000015,1.0],[-0.0100000000000015,1.0],[14.989999999999998,1.0],[4.989999999999998,1.0],[4.989999999999998,1.0],[9.989999999999998,1.0],[11.989999999999998,1.0],[4.989999999999998,1.0],[-0.0100000000000015,1.0],[11.989999999999998,1.0],[-0.0100000000000015,1.0],[11.989999999999998,1.0],[19.99,1.0],[-0.0100000000000015,1.0],[9.989999999999998,1.0],[14.989999999999998,1.0],[11.989999999999998,1.0],[11.989999999999998,1.0],[11.989999999999998,1.0],[11.989999999999998,1.0],[9.989999999999998,1.0],[-2.0100000000000016,1.0],[-20.01,1.0],[11.989999999999998,1.0],[11.989999999999998,1.0],[31.99,1.0],[2.9899999999999984,1.0],[11.989999999999998,1.0],[34.989999999999995,1.0],[11.989999999999998,1.0],[4.989999999999998,1.0],[4.989999999999998,1.0],[4.989999999999998,1.0],[4.989999999999998,1.0],[-0.0100000000000015,1.0],[4.989999999999998,1.0],[-0.0100000000000015,1.0],[4.989999999999998,1.0],[11.989999999999998,1.0],[-0.0100000000000015,1.0],[11.989999999999998,1.0],[29.99,1.0],[54.99,1.0],[11.989999999999998,1.0],[-0.0100000000000015,1.0],[4.989999999999998,1.0],[-3.0100000000000016,1.0],[-3.0100000000000016,1.0],[11.989999999999998,1.0],[-0.0100000000000015,1.0],[11.989999999999998,1.0],[4.989999999999998,1.0],[4.989999999999998,1.0],[11.989999999999998,1.0],[11.989999999999998,1.0],[4.989999999999998,1.0],[39.99,1.0],[-3.0100000000000016,1.0],[4.989999999999998,1.0],[4.989999999999998,1.0],[9.989999999999998,1.0],[4.989999999999998,1.0],[11.989999999999998,1.0],[-0.0100000000000015,1.0],[-0.0100000000000015,1.0],[-0.0100000000000015,1.0],[4.989999999999998,1.0],[9.989999999999998,1.0],[-0.0100000000000015,1.0],[4.989999999999998,1.0],[-5.010000000000002,1.0],[11.989999999999998,1.0],[11.989999999999998,1.0],[14.989999999999998,1.0],[14.989999999999998,1.0],[32.989999999999995,1.0],[11.989999999999998,1.0],[11.989999999999998,1.0],[11.989999999999998,1.0],[11.989999999999998,1.0],[-0.0100000000000015,1.0],[11.989999999999998,1.0],[-0.0100000000000015,1.0],[11.989999999999998,1.0],[4.989999999999998,1.0],[11.989999999999998,1.0]],"y":[-11.2735,-6.74376,-4.98259,-16.0505,7.27702,-13.4105,-8.85394,0.554611,8.33425,-7.97492,-10.0079,1.84077,-7.94937,-17.551,-12.9952,-8.52742,-10.9823,6.15014,4.83648,-10.2687,-8.39027,9.67671,-6.79832,-14.5201,-8.29926,-9.08854,-8.75727,-14.2126,-3.93668,-9.24267,-11.547,2.00217,-15.3101,-3.89245,-11.5189,-1.51634,-7.20583,-13.02,-11.7026,-2.59161,-10.6821,-8.50083,-5.43845,-9.40239,-5.37354,-4.54124,-11.3237,5.77841,9.15943,7.37559,-4.48742,-10.6129,-5.27563,-14.304,-8.21223,-7.23608,-3.98403,-12.7227,-7.01315,-7.88444,-7.78226,-6.5058,4.01086,-2.06487,-11.1696,-10.5069,-13.4791,-6.36886,-9.80696,2.99991,12.0082,-6.89383,-4.36039,-13.1941,-16.3973,-8.54244,-4.92769,-11.1431,-13.0758,-11.8344,2.37902,-6.57071,6.43945,-6.28946,-12.4544,-8.65037,4.06491,-9.47474,-9.70874,-1.0932,7.97491,-9.45957,-16.4572,-12.8234,-16.1788,-9.47258,-6.31788,-3.37599,7.80222,-5.1925],"N_test":100,"x_test":[[11.989999999999998,1.0],[24.99,1.0],[11.989999999999998,1.0],[11.989999999999998,1.0],[4.989999999999998,1.0],[11.989999999999998,1.0],[34.989999999999995,1.0],[-0.0100000000000015,1.0],[4.989999999999998,1.0],[34.989999999999995,1.0],[11.989999999999998,1.0],[4.989999999999998,1.0],[-5.010000000000002,1.0],[-0.0100000000000015,1.0],[-0.0100000000000015,1.0],[-0.0100000000000015,1.0],[14.989999999999998,1.0],[4.989999999999998,1.0],[4.989999999999998,1.0],[9.989999999999998,1.0],[11.989999999999998,1.0],[4.989999999999998,1.0],[-0.0100000000000015,1.0],[11.989999999999998,1.0],[-0.0100000000000015,1.0],[11.989999999999998,1.0],[19.99,1.0],[-0.0100000000000015,1.0],[9.989999999999998,1.0],[14.989999999999998,1.0],[11.989999999999998,1.0],[11.989999999999998,1.0],[11.989999999999998,1.0],[11.989999999999998,1.0],[9.989999999999998,1.0],[-2.0100000000000016,1.0],[-20.01,1.0],[11.989999999999998,1.0],[11.989999999999998,1.0],[31.99,1.0],[2.9899999999999984,1.0],[11.989999999999998,1.0],[34.989999999999995,1.0],[11.989999999999998,1.0],[4.989999999999998,1.0],[4.989999999999998,1.0],[4.989999999999998,1.0],[4.989999999999998,1.0],[-0.0100000000000015,1.0],[4.989999999999998,1.0],[-0.0100000000000015,1.0],[4.989999999999998,1.0],[11.989999999999998,1.0],[-0.0100000000000015,1.0],[11.989999999999998,1.0],[29.99,1.0],[54.99,1.0],[11.989999999999998,1.0],[-0.0100000000000015,1.0],[4.989999999999998,1.0],[-3.0100000000000016,1.0],[-3.0100000000000016,1.0],[11.989999999999998,1.0],[-0.0100000000000015,1.0],[11.989999999999998,1.0],[4.989999999999998,1.0],[4.989999999999998,1.0],[11.989999999999998,1.0],[11.989999999999998,1.0],[4.989999999999998,1.0],[39.99,1.0],[-3.0100000000000016,1.0],[4.989999999999998,1.0],[4.989999999999998,1.0],[9.989999999999998,1.0],[4.989999999999998,1.0],[11.989999999999998,1.0],[-0.0100000000000015,1.0],[-0.0100000000000015,1.0],[-0.0100000000000015,1.0],[4.989999999999998,1.0],[9.989999999999998,1.0],[-0.0100000000000015,1.0],[4.989999999999998,1.0],[-5.010000000000002,1.0],[11.989999999999998,1.0],[11.989999999999998,1.0],[14.989999999999998,1.0],[14.989999999999998,1.0],[32.989999999999995,1.0],[11.989999999999998,1.0],[11.989999999999998,1.0],[11.989999999999998,1.0],[11.989999999999998,1.0],[-0.0100000000000015,1.0],[11.989999999999998,1.0],[-0.0100000000000015,1.0],[11.989999999999998,1.0],[4.989999999999998,1.0],[11.989999999999998,1.0]],"y_test":[-11.2735,-6.74376,-4.98259,-16.0505,7.27702,-13.4105,-8.85394,0.554611,8.33425,-7.97492,-10.0079,1.84077,-7.94937,-17.551,-12.9952,-8.52742,-10.9823,6.15014,4.83648,-10.2687,-8.39027,9.67671,-6.79832,-14.5201,-8.29926,-9.08854,-8.75727,-14.2126,-3.93668,-9.24267,-11.547,2.00217,-15.3101,-3.89245,-11.5189,-1.51634,-7.20583,-13.02,-11.7026,-2.59161,-10.6821,-8.50083,-5.43845,-9.40239,-5.37354,-4.54124,-11.3237,5.77841,9.15943,7.37559,-4.48742,-10.6129,-5.27563,-14.304,-8.21223,-7.23608,-3.98403,-12.7227,-7.01315,-7.88444,-7.78226,-6.5058,4.01086,-2.06487,-11.1696,-10.5069,-13.4791,-6.36886,-9.80696,2.99991,12.0082,-6.89383,-4.36039,-13.1941,-16.3973,-8.54244,-4.92769,-11.1431,-13.0758,-11.8344,2.37902,-6.57071,6.43945,-6.28946,-12.4544,-8.65037,4.06491,-9.47474,-9.70874,-1.0932,7.97491,-9.45957,-16.4572,-12.8234,-16.1788,-9.47258,-6.31788,-3.37599,7.80222,-5.1925],"likelihood":0}