{"prior_mu":[8.620315197870639e-17,0.38822448312946434],"prior_nu":[2.0,0.1],"prior_b":[[1.7240630395741278e-16,0.7764489662589287],[1.7240630395741278e-16,0.7764489662589287]],"prior_tau":[[-1.4067053583800182,0.8152141665780608],[-1.4067053583800182,0.8152141665780608],[-1.753278948659991,0.6806658136252957]],"prior_sigma":[0.3661839468566135,0.4978880692768784],"N":100,"K":2,"N_ec4":77,"N_ec3":27,"N_ec2":8,"ec4":[1,2,3,4,5,6,7,8,9,10,11,12,13,14,15,16,17,18,19,20,21,22,10,23,24,25,26,27,28,29,30,31,32,24,33,34,35,36,37,38,6,39,40,41,42,43,44,45,46,47,48,49,50,51,52,24,53,54,36,55,56,57,36,58,59,46,53,60,61,62,63,54,64,65,66,53,24,67,53,15,53,53,68,50,69,34,60,27,34,70,53,71,72,73,74,75,50,76,77,47],"ec3":[1,2,3,4,1,5,6,7,8,9,10,6,11,6,12,13,13,8,14,1,8,7,9,5,5,15,1,16,17,6,7,13,1,5,18,1,19,5,18,5,5,5,5,20,5,8,21,13,1,13,22,17,1,18,6,5,17,8,5,1,23,24,5,18,25,1,17,10,1,26,26,8,20,13,1,17,5,27,17,12,17,17,9,1,20,1,10,16,1,1,17,20,1,1,8,8,1,26,13,13],"ec2":[1,2,3,4,1,4,4,3,5,3,1,4,6,4,6,4,4,5,3,1,5,3,3,4,4,3,1,3,5,4,3,4,1,4,4,1,3,4,4,4,4,4,4,3,4,5,3,4,1,4,7,5,1,4,4,4,5,5,4,1,5,5,4,4,8,1,5,1,1,8,8,5,3,4,1,5,4,4,5,6,5,5,3,1,3,1,1,3,1,1,5,3,1,1,5,5,1,8,4,4],"x":[[11.989999999999998,1.0],[9.989999999999998,1.0],[11.989999999999998,1.0],[11.989999999999998,1.0],[14.989999999999998,1.0],[11.989999999999998,1.0],[-0.0100000000000015,1.0],[11.989999999999998,1.0],[39.99,1.0],[11.989999999999998,1.0],[4.989999999999998,1.0],[-3.0100000000000016,1.0],[11.989999999999998,1.0],[-0.0100000000000015,1.0],[-0.0100000000000015,1.0],[4.989999999999998,1.0],[11.989999999999998,1.0],[9.989999999999998,1.0],[11.989999999999998,1.0],[11.989999999999998,1.0],[-0.0100000000000015,1.0],[11.989999999999998,1.0],[11.989999999999998,1.0],[11.989999999999998,1.0],[24.99,1.0],[-0.0100000000000015,1.0],[14.989999999999998,1.0],[11.989999999999998,1.0],[-0.0100000000000015,1.0],[-0.0100000000000015,1.0],[-4.010000000000002,1.0],[11.989999999999998,1.0],[11.989999999999998,1.0],[54.99,1.0],[11.989999999999998,1.0],[24.99,1.0],[11.989999999999998,1.0],[44.99,1.0],[11.989999999999998,1.0],[4.989999999999998,1.0],[11.989999999999998,1.0],[24.99,1.0],[-0.0100000000000015,1.0],[11.989999999999998,1.0],[-0.0100000000000015,1.0],[11.989999999999998,1.0],[34.989999999999995,1.0],[11.989999999999998,1.0],[11.989999999999998,1.0],[11.989999999999998,1.0],[4.989999999999998,1.0],[11.989999999999998,1.0],[11.989999999999998,1.0],[-2.0100000000000016,1.0],[-0.0100000000000015,1.0],[11.989999999999998,1.0],[-0.0100000000000015,1.0],[29.99,1.0],[4.989999999999998,1.0],[34.989999999999995,1.0],[29.99,1.0],[34.989999999999995,1.0],[9.989999999999998,1.0],[-0.0100000000000015,1.0],[11.989999999999998,1.0],[14.989999999999998,1.0],[4.989999999999998,1.0],[-0.0100000000000015,1.0],[24.99,1.0],[11.989999999999998,1.0],[11.989999999999998,1.0],[44.99,1.0],[14.989999999999998,1.0],[4.989999999999998,1.0],[11.989999999999998,1.0],[-0.0100000000000015,1.0],[4.989999999999998,1.0],[-0.0100000000000015,1.0],[-0.0100000000000015,1.0],[-0.0100000000000015,1.0],[-0.0100000000000015,1.0],[-0.0100000000000015,1.0],[11.989999999999998,1.0],[14.989999999999998,1.0],[-0.0100000000000015,1.0],[14.989999999999998,1.0],[-0.0100000000000015,1.0],[11.989999999999998,1.0],[44.99,1.0],[11.989999999999998,1.0],[-0.0100000000000015,1.0],[11.989999999999998,1.0],[4.989999999999998,1.0],[4.989999999999998,1.0],[4.989999999999998,1.0],[11.989999999999998,1.0],[14.989999999999998,1.0],[-0.0100000000000015,1.0],[-20.01,1.0],[11.989999999999998,1.0]],"y":[-1.12544,4.29965,-6.15958,4.2775,1.76106,-3.14004,0.496785,-7.29119,-3.14963,-5.53564,1.91581,1.33811,2.97902,1.48121,-8.9572,3.85415,1.17776,-6.07979,-8.12906,-1.84813,-6.24553,-8.42655,-2.83152,-1.68801,2.75652,-3.59439,-0.705323,1.62798,4.70754,-3.6016,-4.72233,1.55285,1.99745,4.20091,-7.28911,-0.0368988,-3.71871,-3.82483,-1.67581,-1.51233,-4.92141,1.28799,-4.99887,0.372597,-1.88537,-0.246591,-8.89513,6.69183,-4.05554,2.65034,0.851686,-1.50879,-3.23916,-4.67143,-5.26318,-1.19927,2.55308,0.107922,-4.52113,0.652643,4.03541,-0.276993,-4.20896,-6.08331,-6.94457,-2.06927,4.22667,0.783758,5.02343,-0.808815,-1.34697,-1.37682,-2.36567,2.6061,-4.51868,6.43207,-0.209538,-4.18469,1.07589,-3.71105,1.46261,2.62806,-1.30385,0.408966,2.85326,2.97862,-1.38619,-2.96604,1.27884,-2.52973,6.74133,-0.930704,-4.31048,-1.04139,-0.489242,-4.02913,-2.5579,-0.227989,0.601721,3.53494],"N_test":100,"x_test":[[11.989999999999998,1.0],[9.989999999999998,1.0],[11.989999999999998,1.0],[11.989999999999998,1.0],[14.989999999999998,1.0],[11.989999999999998,1.0],[-0.0100000000000015,1.0],[11.989999999999998,1.0],[39.99,1.0],[11.989999999999998,1.0],[4.989999999999998,1.0],[-3.0100000000000016,1.0],[11.989999999999998,1.0],[-0.0100000000000015,1.0],[-0.0100000000000015,1.0],[4.989999999999998,1.0],[11.989999999999998,1.0],[9.989999999999998,1.0],[11.989999999999998,1.0],[11.989999999999998,1.0],[-0.0100000000000015,1.0],[11.989999999999998,1.0],[11.989999999999998,1.0],[11.989999999999998,1.0],[24.99,1.0],[-0.0100000000000015,1.0],[14.989999999999998,1.0],[11.989999999999998,1.0],[-0.0100000000000015,1.0],[-0.0100000000000015,1.0],[-4.010000000000002,1.0],[11.989999999999998,1.0],[11.989999999999998,1.0],[54.99,1.0],[11.989999999999998,1.0],[24.99,1.0],[11.989999999999998,1.0],[44.99,1.0],[11.989999999999998,1.0],[4.989999999999998,1.0],[11.989999999999998,1.0],[24.99,1.0],[-0.0100000000000015,1.0],[11.989999999999998,1.0],[-0.0100000000000015,1.0],[11.989999999999998,1.0],[34.989999999999995,1.0],[11.989999999999998,1.0],[11.989999999999998,1.0],[11.989999999999998,1.0],[4.989999999999998,1.0],[11.989999999999998,1.0],[11.989999999999998,1.0],[-2.0100000000000016,1.0],[-0.0100000000000015,1.0],[11.989999999999998,1.0],[-0.0100000000000015,1.0],[29.99,1.0],[4.989999999999998,1.0],[34.989999999999995,1.0],[29.99,1.0],[34.989999999999995,1.0],[9.989999999999998,1.0],[-0.0100000000000015,1.0],[11.989999999999998,1.0],[14.989999999999998,1.0],[4.989999999999998,1.0],[-0.0100000000000015,1.0],[24.99,1.0],[11.989999999999998,1.0],[11.989999999999998,1.0],[44.99,1.0],[14.989999999999998,1.0],[4.989999999999998,1.0],[11.989999999999998,1.0],[-0.0100000000000015,1.0],[4.989999999999998,1.0],[-0.0100000000000015,1.0],[-0.0100000000000015,1.0],[-0.0100000000000015,1.0],[-0.0100000000000015,1.0],[-0.0100000000000015,1.0],[11.989999999999998,1.0],[14.989999999999998,1.0],[-0.0100000000000015,1.0],[14.989999999999998,1.0],[-0.0100000000000015,1.0],[11.989999999999998,1.0],[44.99,1.0],[11.989999999999998,1.0],[-0.0100000000000015,1.0],[11.989999999999998,1.0],[4.989999999999998,1.0],[4.989999999999998,1.0],[4.989999999999998,1.0],[11.989999999999998,1.0],[14.989999999999998,1.0],[-0.0100000000000015,1.0],[-20.01,1.0],[11.989999999999998,1.0]],"y_test":[-1.12544,4.29965,-6.15958,4.2775,1.76106,-3.14004,0.496785,-7.29119,-3.14963,-5.53564,1.91581,1.33811,2.97902,1.48121,-8.9572,3.85415,1.17776,-6.07979,-8.12906,-1.84813,-6.24553,-8.42655,-2.83152,-1.68801,2.75652,-3.59439,-0.705323,1.62798,4.70754,-3.6016,-4.72233,1.55285,1.99745,4.20091,-7.28911,-0.0368988,-3.71871,-3.82483,-1.67581,-1.51233,-4.92141,1.28799,-4.99887,0.372597,-1.88537,-0.246591,-8.89513,6.69183,-4.05554,2.65034,0.851686,-1.50879,-3.23916,-4.67143,-5.26318,-1.19927,2.55308,0.107922,-4.52113,0.652643,4.03541,-0.276993,-4.20896,-6.08331,-6.94457,-2.06927,4.22667,0.783758,5.02343,-0.808815,-1.34697,-1.37682,-2.36567,2.6061,-4.51868,6.43207,-0.209538,-4.18469,1.07589,-3.71105,1.46261,2.62806,-1.30385,0.408966,2.85326,2.97862,-1.38619,-2.96604,1.27884,-2.52973,6.74133,-0.930704,-4.31048,-1.04139,-0.489242,-4.02913,-2.5579,-0.227989,0.601721,3.53494],"likelihood":1}